"id","bin","behav","prop","param"
"1_1",1,"1",0.35415457925279,"Step Length"
"1_1",2,"1",0.376513616531601,"Step Length"
"1_1",3,"1",0.170767244623601,"Step Length"
"1_1",4,"1",0.0577665913769753,"Step Length"
"1_1",5,"1",0.0407979682150325,"Step Length"
"1_1",1,"2",0.00537937606568655,"Step Length"
"1_1",2,"2",0.00203290648947431,"Step Length"
"1_1",3,"2",0.0899485088261971,"Step Length"
"1_1",4,"2",0.467880229174122,"Step Length"
"1_1",5,"2",0.43475897944452,"Step Length"
"1_1",1,"3",0.00502964574794799,"Step Length"
"1_1",2,"3",0.0110189983833577,"Step Length"
"1_1",3,"3",0.968764799507945,"Step Length"
"1_1",4,"3",0.00732568845194287,"Step Length"
"1_1",5,"3",0.00786086790880673,"Step Length"
"1_1",1,"1",0.220204751291432,"Turning Angle"
"1_1",2,"1",0.107292449670582,"Turning Angle"
"1_1",3,"1",0.0708578545455528,"Turning Angle"
"1_1",4,"1",0.118263860810289,"Turning Angle"
"1_1",5,"1",0.130776506997215,"Turning Angle"
"1_1",6,"1",0.0997604519949768,"Turning Angle"
"1_1",7,"1",0.0964094257126891,"Turning Angle"
"1_1",8,"1",0.156434698977262,"Turning Angle"
"1_1",1,"2",0.00317665601266315,"Turning Angle"
"1_1",2,"2",0.0146416201988061,"Turning Angle"
"1_1",3,"2",0.171228814156866,"Turning Angle"
"1_1",4,"2",0.302258122730593,"Turning Angle"
"1_1",5,"2",0.308457922723248,"Turning Angle"
"1_1",6,"2",0.173528886386752,"Turning Angle"
"1_1",7,"2",0.0244712434870376,"Turning Angle"
"1_1",8,"2",0.00223673430403375,"Turning Angle"
"1_1",1,"3",0.115355049868728,"Turning Angle"
"1_1",2,"3",0.270222028062174,"Turning Angle"
"1_1",3,"3",0.320155255711958,"Turning Angle"
"1_1",4,"3",0.0217511990593403,"Turning Angle"
"1_1",5,"3",0.115206793377755,"Turning Angle"
"1_1",6,"3",0.00266836479764788,"Turning Angle"
"1_1",7,"3",0.103325237317662,"Turning Angle"
"1_1",8,"3",0.0513160718047346,"Turning Angle"
"2_1",1,"1",0.370776550457904,"Step Length"
"2_1",2,"1",0.349967584292367,"Step Length"
"2_1",3,"1",0.180234428289632,"Step Length"
"2_1",4,"1",0.0399783549016164,"Step Length"
"2_1",5,"1",0.0590430820584807,"Step Length"
"2_1",1,"2",0.00482851048486811,"Step Length"
"2_1",2,"2",0.0369095497704631,"Step Length"
"2_1",3,"2",0.126182471720396,"Step Length"
"2_1",4,"2",0.824365999251429,"Step Length"
"2_1",5,"2",0.00771346877284408,"Step Length"
"2_1",1,"3",0.00389786253343775,"Step Length"
"2_1",2,"3",0.00778665018968947,"Step Length"
"2_1",3,"3",0.962792719899086,"Step Length"
"2_1",4,"3",0.0171111238822643,"Step Length"
"2_1",5,"3",0.00841164349552304,"Step Length"
"2_1",1,"1",0.206075850067546,"Turning Angle"
"2_1",2,"1",0.116440269591468,"Turning Angle"
"2_1",3,"1",0.100743993228816,"Turning Angle"
"2_1",4,"1",0.104971034018701,"Turning Angle"
"2_1",5,"1",0.112800698588733,"Turning Angle"
"2_1",6,"1",0.0788661776091516,"Turning Angle"
"2_1",7,"1",0.0799189657892718,"Turning Angle"
"2_1",8,"1",0.200183011106313,"Turning Angle"
"2_1",1,"2",0.0353769893470129,"Turning Angle"
"2_1",2,"2",0.00605169599698297,"Turning Angle"
"2_1",3,"2",0.437291502175372,"Turning Angle"
"2_1",4,"2",0.0397921369528942,"Turning Angle"
"2_1",5,"2",0.189305468496851,"Turning Angle"
"2_1",6,"2",0.0664408384571314,"Turning Angle"
"2_1",7,"2",0.197656086094739,"Turning Angle"
"2_1",8,"2",0.0280852824790162,"Turning Angle"
"2_1",1,"3",0.00915607101054754,"Turning Angle"
"2_1",2,"3",0.233662839137262,"Turning Angle"
"2_1",3,"3",0.00228744948628977,"Turning Angle"
"2_1",4,"3",0.252896095348792,"Turning Angle"
"2_1",5,"3",0.0635212358879033,"Turning Angle"
"2_1",6,"3",0.320955674666976,"Turning Angle"
"2_1",7,"3",0.101270175072264,"Turning Angle"
"2_1",8,"3",0.0162504593899662,"Turning Angle"
"3_1",1,"1",0.166867883673888,"Step Length"
"3_1",2,"1",0.253354330858701,"Step Length"
"3_1",3,"1",0.463664088592823,"Step Length"
"3_1",4,"1",0.076984114714399,"Step Length"
"3_1",5,"1",0.0391295821601882,"Step Length"
"3_1",1,"2",0.0342409766580574,"Step Length"
"3_1",2,"2",0.00207523679117881,"Step Length"
"3_1",3,"2",0.00922877757268861,"Step Length"
"3_1",4,"2",0.480509400547026,"Step Length"
"3_1",5,"2",0.473945608431049,"Step Length"
"3_1",1,"3",0.497733086117661,"Step Length"
"3_1",2,"3",0.487612891807267,"Step Length"
"3_1",3,"3",0.00231008769643485,"Step Length"
"3_1",4,"3",0.00235274981155649,"Step Length"
"3_1",5,"3",0.00999118456708098,"Step Length"
"3_1",1,"1",0.0754623263014341,"Turning Angle"
"3_1",2,"1",0.111101947743018,"Turning Angle"
"3_1",3,"1",0.196293594811238,"Turning Angle"
"3_1",4,"1",0.137374916242127,"Turning Angle"
"3_1",5,"1",0.103601190186157,"Turning Angle"
"3_1",6,"1",0.0856580947251703,"Turning Angle"
"3_1",7,"1",0.16868981451844,"Turning Angle"
"3_1",8,"1",0.121818115472416,"Turning Angle"
"3_1",1,"2",0.00435874242047635,"Turning Angle"
"3_1",2,"2",0.00931726122256273,"Turning Angle"
"3_1",3,"2",0.0438612776605842,"Turning Angle"
"3_1",4,"2",0.421686245069593,"Turning Angle"
"3_1",5,"2",0.293141259352188,"Turning Angle"
"3_1",6,"2",0.207889362836327,"Turning Angle"
"3_1",7,"2",0.0161031089736851,"Turning Angle"
"3_1",8,"2",0.00364274246458439,"Turning Angle"
"3_1",1,"3",0.369362587291117,"Turning Angle"
"3_1",2,"3",0.0441698009384764,"Turning Angle"
"3_1",3,"3",0.0282464298260513,"Turning Angle"
"3_1",4,"3",0.0126334265758092,"Turning Angle"
"3_1",5,"3",0.120749815986487,"Turning Angle"
"3_1",6,"3",0.0606721602322686,"Turning Angle"
"3_1",7,"3",0.0286317623503567,"Turning Angle"
"3_1",8,"3",0.335534016799434,"Turning Angle"
"4_1",1,"1",0.0878172056411366,"Step Length"
"4_1",2,"1",0.249779916263494,"Step Length"
"4_1",3,"1",0.458127668094126,"Step Length"
"4_1",4,"1",0.163174463939876,"Step Length"
"4_1",5,"1",0.0411007460613681,"Step Length"
"4_1",1,"2",0.682601217059418,"Step Length"
"4_1",2,"2",0.299989652067438,"Step Length"
"4_1",3,"2",0.00152760696103876,"Step Length"
"4_1",4,"2",0.00163498823096978,"Step Length"
"4_1",5,"2",0.0142465356811352,"Step Length"
"4_1",1,"3",0.002907189558424,"Step Length"
"4_1",2,"3",0.00329754737745127,"Step Length"
"4_1",3,"3",0.00281711329733124,"Step Length"
"4_1",4,"3",0.380951036262613,"Step Length"
"4_1",5,"3",0.61002711350418,"Step Length"
"4_1",1,"1",0.135178207069978,"Turning Angle"
"4_1",2,"1",0.134424908401086,"Turning Angle"
"4_1",3,"1",0.162525956671139,"Turning Angle"
"4_1",4,"1",0.161510202295808,"Turning Angle"
"4_1",5,"1",0.115787238112829,"Turning Angle"
"4_1",6,"1",0.119602424774941,"Turning Angle"
"4_1",7,"1",0.103061229472345,"Turning Angle"
"4_1",8,"1",0.0679098332018737,"Turning Angle"
"4_1",1,"2",0.231303877477878,"Turning Angle"
"4_1",2,"2",0.0281008979185183,"Turning Angle"
"4_1",3,"2",0.0246852613800801,"Turning Angle"
"4_1",4,"2",0.0186108259850881,"Turning Angle"
"4_1",5,"2",0.115215287718971,"Turning Angle"
"4_1",6,"2",0.0536174638621505,"Turning Angle"
"4_1",7,"2",0.138291960041848,"Turning Angle"
"4_1",8,"2",0.390174425615466,"Turning Angle"
"4_1",1,"3",0.0030104139174111,"Turning Angle"
"4_1",2,"3",0.00449024301979386,"Turning Angle"
"4_1",3,"3",0.171480752564002,"Turning Angle"
"4_1",4,"3",0.372387959640641,"Turning Angle"
"4_1",5,"3",0.290459925663452,"Turning Angle"
"4_1",6,"3",0.153684290170458,"Turning Angle"
"4_1",7,"3",0.00328946636263474,"Turning Angle"
"4_1",8,"3",0.00119694866160768,"Turning Angle"
"5_1",1,"1",0.499264880411049,"Step Length"
"5_1",2,"1",0.482360500659538,"Step Length"
"5_1",3,"1",0.0137466626770285,"Step Length"
"5_1",4,"1",0.00372271124205672,"Step Length"
"5_1",5,"1",0.000905245010327612,"Step Length"
"5_1",1,"2",0.0101795309119864,"Step Length"
"5_1",2,"2",0.00386687453431515,"Step Length"
"5_1",3,"2",0.154159183598425,"Step Length"
"5_1",4,"2",0.491111714515912,"Step Length"
"5_1",5,"2",0.340682696439361,"Step Length"
"5_1",1,"3",0.00738782690918367,"Step Length"
"5_1",2,"3",0.194430514269339,"Step Length"
"5_1",3,"3",0.784513831216383,"Step Length"
"5_1",4,"3",0.0105405289953233,"Step Length"
"5_1",5,"3",0.00312729860977139,"Step Length"
"5_1",1,"1",0.314439533166659,"Turning Angle"
"5_1",2,"1",0.00301174379569166,"Turning Angle"
"5_1",3,"1",0.152664032478078,"Turning Angle"
"5_1",4,"1",0.0454060638786472,"Turning Angle"
"5_1",5,"1",0.0159604091895422,"Turning Angle"
"5_1",6,"1",0.141962874439182,"Turning Angle"
"5_1",7,"1",0.0282616287265753,"Turning Angle"
"5_1",8,"1",0.298293714325625,"Turning Angle"
"5_1",1,"2",0.00108878546441235,"Turning Angle"
"5_1",2,"2",0.0278359181616892,"Turning Angle"
"5_1",3,"2",0.0860585168955367,"Turning Angle"
"5_1",4,"2",0.348242080690309,"Turning Angle"
"5_1",5,"2",0.299884763243617,"Turning Angle"
"5_1",6,"2",0.154748479847933,"Turning Angle"
"5_1",7,"2",0.0811538039644847,"Turning Angle"
"5_1",8,"2",0.000987651732017597,"Turning Angle"
"5_1",1,"3",0.00314863190525596,"Turning Angle"
"5_1",2,"3",0.347815883198272,"Turning Angle"
"5_1",3,"3",0.00440915345318937,"Turning Angle"
"5_1",4,"3",0.0186181184680709,"Turning Angle"
"5_1",5,"3",0.317342882733117,"Turning Angle"
"5_1",6,"3",0.0422806088488056,"Turning Angle"
"5_1",7,"3",0.250814325700325,"Turning Angle"
"5_1",8,"3",0.0155703956929644,"Turning Angle"
"1_2",1,"1",0.111099312369564,"Step Length"
"1_2",2,"1",0.197832782981546,"Step Length"
"1_2",3,"1",0.512770081925107,"Step Length"
"1_2",4,"1",0.153675733406438,"Step Length"
"1_2",5,"1",0.0246220893173447,"Step Length"
"1_2",1,"2",0.553688676123498,"Step Length"
"1_2",2,"2",0.412180397571138,"Step Length"
"1_2",3,"2",0.00229880586293993,"Step Length"
"1_2",4,"2",0.000613065319977044,"Step Length"
"1_2",5,"2",0.0312190551224476,"Step Length"
"1_2",1,"3",0.00257550953516826,"Step Length"
"1_2",2,"3",0.00167371496565679,"Step Length"
"1_2",3,"3",0.00549049154723925,"Step Length"
"1_2",4,"3",0.502185308726315,"Step Length"
"1_2",5,"3",0.488074975225621,"Step Length"
"1_2",1,"1",0.118123086626933,"Turning Angle"
"1_2",2,"1",0.112736945884032,"Turning Angle"
"1_2",3,"1",0.121872541939334,"Turning Angle"
"1_2",4,"1",0.154390365562904,"Turning Angle"
"1_2",5,"1",0.130670441697633,"Turning Angle"
"1_2",6,"1",0.118314972338582,"Turning Angle"
"1_2",7,"1",0.122235296456733,"Turning Angle"
"1_2",8,"1",0.121656349493849,"Turning Angle"
"1_2",1,"2",0.259631173004162,"Turning Angle"
"1_2",2,"2",0.101471626946534,"Turning Angle"
"1_2",3,"2",0.0889447950050314,"Turning Angle"
"1_2",4,"2",0.0742878422427554,"Turning Angle"
"1_2",5,"2",0.073229191479456,"Turning Angle"
"1_2",6,"2",0.0830365734510026,"Turning Angle"
"1_2",7,"2",0.0825572704815721,"Turning Angle"
"1_2",8,"2",0.236841527389487,"Turning Angle"
"1_2",1,"3",0.000440192219069417,"Turning Angle"
"1_2",2,"3",0.0431224647109173,"Turning Angle"
"1_2",3,"3",0.196603774925954,"Turning Angle"
"1_2",4,"3",0.286601632721593,"Turning Angle"
"1_2",5,"3",0.309331081513856,"Turning Angle"
"1_2",6,"3",0.127559438781973,"Turning Angle"
"1_2",7,"3",0.0359483208526107,"Turning Angle"
"1_2",8,"3",0.000393094274025476,"Turning Angle"
"2_2",1,"1",0.380330617635447,"Step Length"
"2_2",2,"1",0.371083664597776,"Step Length"
"2_2",3,"1",0.168858731103203,"Step Length"
"2_2",4,"1",0.047041739399673,"Step Length"
"2_2",5,"1",0.0326852472639019,"Step Length"
"2_2",1,"2",0.0021195203390043,"Step Length"
"2_2",2,"2",0.0379778412344786,"Step Length"
"2_2",3,"2",0.757435722068285,"Step Length"
"2_2",4,"2",0.196392052958076,"Step Length"
"2_2",5,"2",0.00607486340015618,"Step Length"
"2_2",1,"3",0.000889202975556248,"Step Length"
"2_2",2,"3",0.00198593212261877,"Step Length"
"2_2",3,"3",0.000744878074598994,"Step Length"
"2_2",4,"3",0.498359517700774,"Step Length"
"2_2",5,"3",0.498020469126452,"Step Length"
"2_2",1,"1",0.21384605242433,"Turning Angle"
"2_2",2,"1",0.0986926982325265,"Turning Angle"
"2_2",3,"1",0.0982617223879549,"Turning Angle"
"2_2",4,"1",0.101725247562664,"Turning Angle"
"2_2",5,"1",0.0973518557024866,"Turning Angle"
"2_2",6,"1",0.0949609038090853,"Turning Angle"
"2_2",7,"1",0.0880669540872166,"Turning Angle"
"2_2",8,"1",0.207094565793736,"Turning Angle"
"2_2",1,"2",0.0650140197249169,"Turning Angle"
"2_2",2,"2",0.116419762424779,"Turning Angle"
"2_2",3,"2",0.130757609931159,"Turning Angle"
"2_2",4,"2",0.172576946816346,"Turning Angle"
"2_2",5,"2",0.139150927350408,"Turning Angle"
"2_2",6,"2",0.152844885162637,"Turning Angle"
"2_2",7,"2",0.174645691521556,"Turning Angle"
"2_2",8,"2",0.0485901570681989,"Turning Angle"
"2_2",1,"3",0.000339240365086256,"Turning Angle"
"2_2",2,"3",0.020501551163609,"Turning Angle"
"2_2",3,"3",0.19183132310356,"Turning Angle"
"2_2",4,"3",0.300470201793303,"Turning Angle"
"2_2",5,"3",0.313364462262774,"Turning Angle"
"2_2",6,"3",0.163503804090208,"Turning Angle"
"2_2",7,"3",0.00877606468002415,"Turning Angle"
"2_2",8,"3",0.00121335254143672,"Turning Angle"
"3_2",1,"1",0.129318555163154,"Step Length"
"3_2",2,"1",0.21412746893755,"Step Length"
"3_2",3,"1",0.539009053347927,"Step Length"
"3_2",4,"1",0.112206293554906,"Step Length"
"3_2",5,"1",0.00533862899646419,"Step Length"
"3_2",1,"2",0.51902574769279,"Step Length"
"3_2",2,"2",0.416600568552181,"Step Length"
"3_2",3,"2",0.010346621563984,"Step Length"
"3_2",4,"2",0.00395389069922007,"Step Length"
"3_2",5,"2",0.0500731714918249,"Step Length"
"3_2",1,"3",0.00335748057357606,"Step Length"
"3_2",2,"3",0.00129896468609374,"Step Length"
"3_2",3,"3",0.00171504975655891,"Step Length"
"3_2",4,"3",0.530661719704235,"Step Length"
"3_2",5,"3",0.462966785279536,"Step Length"
"3_2",1,"1",0.114946315619636,"Turning Angle"
"3_2",2,"1",0.125848949858579,"Turning Angle"
"3_2",3,"1",0.127109414213438,"Turning Angle"
"3_2",4,"1",0.147449432769705,"Turning Angle"
"3_2",5,"1",0.12505579454305,"Turning Angle"
"3_2",6,"1",0.125826038734016,"Turning Angle"
"3_2",7,"1",0.112451339203358,"Turning Angle"
"3_2",8,"1",0.121312715058218,"Turning Angle"
"3_2",1,"2",0.225448965716396,"Turning Angle"
"3_2",2,"2",0.0896018639828143,"Turning Angle"
"3_2",3,"2",0.0816122541641634,"Turning Angle"
"3_2",4,"2",0.0741833810981212,"Turning Angle"
"3_2",5,"2",0.100489519066662,"Turning Angle"
"3_2",6,"2",0.0737666897306707,"Turning Angle"
"3_2",7,"2",0.111688747679577,"Turning Angle"
"3_2",8,"2",0.243208578561595,"Turning Angle"
"3_2",1,"3",0.000295985165683858,"Turning Angle"
"3_2",2,"3",0.0415253265673906,"Turning Angle"
"3_2",3,"3",0.136937857597755,"Turning Angle"
"3_2",4,"3",0.285417386148078,"Turning Angle"
"3_2",5,"3",0.315831059849715,"Turning Angle"
"3_2",6,"3",0.170646816269342,"Turning Angle"
"3_2",7,"3",0.0487598885921765,"Turning Angle"
"3_2",8,"3",0.000585679809859458,"Turning Angle"
"4_2",1,"1",0.360077990322703,"Step Length"
"4_2",2,"1",0.370977873590683,"Step Length"
"4_2",3,"1",0.180051385892209,"Step Length"
"4_2",4,"1",0.0560741335665755,"Step Length"
"4_2",5,"1",0.0328186166278301,"Step Length"
"4_2",1,"2",0.000627807008230406,"Step Length"
"4_2",2,"2",0.00324391871446579,"Step Length"
"4_2",3,"2",0.744602921540372,"Step Length"
"4_2",4,"2",0.226401931573131,"Step Length"
"4_2",5,"2",0.0251234211638005,"Step Length"
"4_2",1,"3",0.00224871177541651,"Step Length"
"4_2",2,"3",0.025694761565653,"Step Length"
"4_2",3,"3",0.0102254571001105,"Step Length"
"4_2",4,"3",0.497354052012353,"Step Length"
"4_2",5,"3",0.464477017546467,"Step Length"
"4_2",1,"1",0.204762134617366,"Turning Angle"
"4_2",2,"1",0.107489089230093,"Turning Angle"
"4_2",3,"1",0.0993614546001894,"Turning Angle"
"4_2",4,"1",0.0987467516981268,"Turning Angle"
"4_2",5,"1",0.102471422874417,"Turning Angle"
"4_2",6,"1",0.09352862139916,"Turning Angle"
"4_2",7,"1",0.0938267430095071,"Turning Angle"
"4_2",8,"1",0.199813782571141,"Turning Angle"
"4_2",1,"2",0.0424918509202062,"Turning Angle"
"4_2",2,"2",0.15559781975477,"Turning Angle"
"4_2",3,"2",0.162665854587229,"Turning Angle"
"4_2",4,"2",0.149780763400768,"Turning Angle"
"4_2",5,"2",0.142977544539503,"Turning Angle"
"4_2",6,"2",0.188585006856601,"Turning Angle"
"4_2",7,"2",0.116912778305955,"Turning Angle"
"4_2",8,"2",0.0409883816349674,"Turning Angle"
"4_2",1,"3",0.00177755942696855,"Turning Angle"
"4_2",2,"3",0.0335519992494938,"Turning Angle"
"4_2",3,"3",0.121909737629938,"Turning Angle"
"4_2",4,"3",0.332691843827445,"Turning Angle"
"4_2",5,"3",0.333306463240413,"Turning Angle"
"4_2",6,"3",0.135662879027202,"Turning Angle"
"4_2",7,"3",0.0407752196064659,"Turning Angle"
"4_2",8,"3",0.00032429799207358,"Turning Angle"
"5_2",1,"1",0.1218720926217,"Step Length"
"5_2",2,"1",0.219447482951817,"Step Length"
"5_2",3,"1",0.489267189481969,"Step Length"
"5_2",4,"1",0.147084681661482,"Step Length"
"5_2",5,"1",0.0223285532830327,"Step Length"
"5_2",1,"2",0.538546276930025,"Step Length"
"5_2",2,"2",0.416008756693576,"Step Length"
"5_2",3,"2",0.00269283379269589,"Step Length"
"5_2",4,"2",0.00145283703652184,"Step Length"
"5_2",5,"2",0.0412992955471816,"Step Length"
"5_2",1,"3",0.000626196263414947,"Step Length"
"5_2",2,"3",0.0014194521954897,"Step Length"
"5_2",3,"3",0.00259970638072414,"Step Length"
"5_2",4,"3",0.554045345443421,"Step Length"
"5_2",5,"3",0.44130929971695,"Step Length"
"5_2",1,"1",0.114802378019402,"Turning Angle"
"5_2",2,"1",0.103330411319034,"Turning Angle"
"5_2",3,"1",0.132594217150388,"Turning Angle"
"5_2",4,"1",0.141713994736364,"Turning Angle"
"5_2",5,"1",0.140240301310051,"Turning Angle"
"5_2",6,"1",0.12141443075547,"Turning Angle"
"5_2",7,"1",0.133528427166701,"Turning Angle"
"5_2",8,"1",0.112375839542591,"Turning Angle"
"5_2",1,"2",0.234328057148513,"Turning Angle"
"5_2",2,"2",0.106433262048426,"Turning Angle"
"5_2",3,"2",0.068860616407239,"Turning Angle"
"5_2",4,"2",0.0817164285752592,"Turning Angle"
"5_2",5,"2",0.084701240278117,"Turning Angle"
"5_2",6,"2",0.0837292632404917,"Turning Angle"
"5_2",7,"2",0.09773641332941,"Turning Angle"
"5_2",8,"2",0.242494718972544,"Turning Angle"
"5_2",1,"3",0.000924231398238835,"Turning Angle"
"5_2",2,"3",0.0345680949434796,"Turning Angle"
"5_2",3,"3",0.151989998926052,"Turning Angle"
"5_2",4,"3",0.361100336573653,"Turning Angle"
"5_2",5,"3",0.28919109386784,"Turning Angle"
"5_2",6,"3",0.133108527585306,"Turning Angle"
"5_2",7,"3",0.0286175301479813,"Turning Angle"
"5_2",8,"3",0.000500186557447892,"Turning Angle"
"1_3",1,"1",0.354631253126168,"Step Length"
"1_3",2,"1",0.327747313667917,"Step Length"
"1_3",3,"1",0.217512425080002,"Step Length"
"1_3",4,"1",0.036929663005458,"Step Length"
"1_3",5,"1",0.0631793451204546,"Step Length"
"1_3",1,"2",0.0562605070680088,"Step Length"
"1_3",2,"2",0.169410162805273,"Step Length"
"1_3",3,"2",0.605925578008045,"Step Length"
"1_3",4,"2",0.168152839855798,"Step Length"
"1_3",5,"2",0.000250912262874787,"Step Length"
"1_3",1,"3",0.000937733887142054,"Step Length"
"1_3",2,"3",0.00135525985703187,"Step Length"
"1_3",3,"3",0.0123076462678339,"Step Length"
"1_3",4,"3",0.522644281430472,"Step Length"
"1_3",5,"3",0.46275507855752,"Step Length"
"1_3",1,"1",0.173064027981347,"Turning Angle"
"1_3",2,"1",0.111218681352193,"Turning Angle"
"1_3",3,"1",0.121232691566131,"Turning Angle"
"1_3",4,"1",0.113065070132699,"Turning Angle"
"1_3",5,"1",0.0866682696709645,"Turning Angle"
"1_3",6,"1",0.115246217388603,"Turning Angle"
"1_3",7,"1",0.137074799386624,"Turning Angle"
"1_3",8,"1",0.142430242521439,"Turning Angle"
"1_3",1,"2",0.0988429665382529,"Turning Angle"
"1_3",2,"2",0.113128103255899,"Turning Angle"
"1_3",3,"2",0.107682909961344,"Turning Angle"
"1_3",4,"2",0.156125754533963,"Turning Angle"
"1_3",5,"2",0.146788224262767,"Turning Angle"
"1_3",6,"2",0.13466220356093,"Turning Angle"
"1_3",7,"2",0.11419625089323,"Turning Angle"
"1_3",8,"2",0.128573586993615,"Turning Angle"
"1_3",1,"3",0.000220878484719033,"Turning Angle"
"1_3",2,"3",0.0370696516419933,"Turning Angle"
"1_3",3,"3",0.154812904172777,"Turning Angle"
"1_3",4,"3",0.289491922632558,"Turning Angle"
"1_3",5,"3",0.318591133913334,"Turning Angle"
"1_3",6,"3",0.175877842562426,"Turning Angle"
"1_3",7,"3",0.0238186010684136,"Turning Angle"
"1_3",8,"3",0.000117065523778977,"Turning Angle"
"2_3",1,"1",0.132314049444319,"Step Length"
"2_3",2,"1",0.201848206234969,"Step Length"
"2_3",3,"1",0.473470604492424,"Step Length"
"2_3",4,"1",0.164140229752827,"Step Length"
"2_3",5,"1",0.0282269100754612,"Step Length"
"2_3",1,"2",0.490813249036929,"Step Length"
"2_3",2,"2",0.420571565240847,"Step Length"
"2_3",3,"2",0.0571522401642713,"Step Length"
"2_3",4,"2",0.00087701709576092,"Step Length"
"2_3",5,"2",0.0305859284621921,"Step Length"
"2_3",1,"3",0.00465799906544773,"Step Length"
"2_3",2,"3",0.00127393723173314,"Step Length"
"2_3",3,"3",0.0493852671553543,"Step Length"
"2_3",4,"3",0.48192302092907,"Step Length"
"2_3",5,"3",0.462759775618395,"Step Length"
"2_3",1,"1",0.136218866459075,"Turning Angle"
"2_3",2,"1",0.107410949935771,"Turning Angle"
"2_3",3,"1",0.128698162809018,"Turning Angle"
"2_3",4,"1",0.14958898635663,"Turning Angle"
"2_3",5,"1",0.130063144668368,"Turning Angle"
"2_3",6,"1",0.121748325242241,"Turning Angle"
"2_3",7,"1",0.108521882536109,"Turning Angle"
"2_3",8,"1",0.117749681992788,"Turning Angle"
"2_3",1,"2",0.2335076124782,"Turning Angle"
"2_3",2,"2",0.0988286691958341,"Turning Angle"
"2_3",3,"2",0.0858535019915751,"Turning Angle"
"2_3",4,"2",0.0755785663964118,"Turning Angle"
"2_3",5,"2",0.0824436072526071,"Turning Angle"
"2_3",6,"2",0.0857399443835494,"Turning Angle"
"2_3",7,"2",0.108804095847257,"Turning Angle"
"2_3",8,"2",0.229244002454566,"Turning Angle"
"2_3",1,"3",0.000255131625658508,"Turning Angle"
"2_3",2,"3",0.0447750085532863,"Turning Angle"
"2_3",3,"3",0.160566705188645,"Turning Angle"
"2_3",4,"3",0.298414753527285,"Turning Angle"
"2_3",5,"3",0.295543788606124,"Turning Angle"
"2_3",6,"3",0.16131446543647,"Turning Angle"
"2_3",7,"3",0.0389744216536615,"Turning Angle"
"2_3",8,"3",0.000155725408869407,"Turning Angle"
"3_3",1,"1",0.398654763869403,"Step Length"
"3_3",2,"1",0.359253124523909,"Step Length"
"3_3",3,"1",0.154341195069662,"Step Length"
"3_3",4,"1",0.0539051336318424,"Step Length"
"3_3",5,"1",0.0338457829051831,"Step Length"
"3_3",1,"2",0.0145541528107697,"Step Length"
"3_3",2,"2",0.108083060611484,"Step Length"
"3_3",3,"2",0.668025937831121,"Step Length"
"3_3",4,"2",0.206290167834335,"Step Length"
"3_3",5,"2",0.00304668091229097,"Step Length"
"3_3",1,"3",0.0205436165522468,"Step Length"
"3_3",2,"3",0.000341087022842485,"Step Length"
"3_3",3,"3",0.000708429010352838,"Step Length"
"3_3",4,"3",0.485466414169776,"Step Length"
"3_3",5,"3",0.492940453244782,"Step Length"
"3_3",1,"1",0.203192057311185,"Turning Angle"
"3_3",2,"1",0.104147637619179,"Turning Angle"
"3_3",3,"1",0.0982204882489682,"Turning Angle"
"3_3",4,"1",0.102655010774003,"Turning Angle"
"3_3",5,"1",0.099992426049021,"Turning Angle"
"3_3",6,"1",0.0938468966199706,"Turning Angle"
"3_3",7,"1",0.0937224281716795,"Turning Angle"
"3_3",8,"1",0.204223055205993,"Turning Angle"
"3_3",1,"2",0.0814137224426773,"Turning Angle"
"3_3",2,"2",0.133419581357297,"Turning Angle"
"3_3",3,"2",0.114382392868189,"Turning Angle"
"3_3",4,"2",0.159805950755439,"Turning Angle"
"3_3",5,"2",0.180077745590513,"Turning Angle"
"3_3",6,"2",0.150327832686403,"Turning Angle"
"3_3",7,"2",0.124665712345112,"Turning Angle"
"3_3",8,"2",0.0559070619543688,"Turning Angle"
"3_3",1,"3",0.00184029400055911,"Turning Angle"
"3_3",2,"3",0.0341889208572397,"Turning Angle"
"3_3",3,"3",0.179145815434031,"Turning Angle"
"3_3",4,"3",0.305360881379349,"Turning Angle"
"3_3",5,"3",0.306384083817286,"Turning Angle"
"3_3",6,"3",0.147938654776514,"Turning Angle"
"3_3",7,"3",0.0245819988227523,"Turning Angle"
"3_3",8,"3",0.000559350912268531,"Turning Angle"
"4_3",1,"1",0.396982173339956,"Step Length"
"4_3",2,"1",0.377147167378031,"Step Length"
"4_3",3,"1",0.15611037875411,"Step Length"
"4_3",4,"1",0.0420073926692388,"Step Length"
"4_3",5,"1",0.0277528878586639,"Step Length"
"4_3",1,"2",0.000547831404605819,"Step Length"
"4_3",2,"2",0.0191693247721181,"Step Length"
"4_3",3,"2",0.100946435548141,"Step Length"
"4_3",4,"2",0.449473460858542,"Step Length"
"4_3",5,"2",0.429862947416593,"Step Length"
"4_3",1,"3",0.000609867904138148,"Step Length"
"4_3",2,"3",0.0490762386445703,"Step Length"
"4_3",3,"3",0.775404590728035,"Step Length"
"4_3",4,"3",0.174320710125757,"Step Length"
"4_3",5,"3",0.000588592597499029,"Step Length"
"4_3",1,"1",0.210958109992074,"Turning Angle"
"4_3",2,"1",0.106496105838213,"Turning Angle"
"4_3",3,"1",0.0907806452129113,"Turning Angle"
"4_3",4,"1",0.0907385100409626,"Turning Angle"
"4_3",5,"1",0.0922138481382114,"Turning Angle"
"4_3",6,"1",0.0995855043185869,"Turning Angle"
"4_3",7,"1",0.0986353251995752,"Turning Angle"
"4_3",8,"1",0.210591951259465,"Turning Angle"
"4_3",1,"2",0.000629593207538256,"Turning Angle"
"4_3",2,"2",0.0418814504368833,"Turning Angle"
"4_3",3,"2",0.164017254755034,"Turning Angle"
"4_3",4,"2",0.281251889981777,"Turning Angle"
"4_3",5,"2",0.284644469225375,"Turning Angle"
"4_3",6,"2",0.176505006495949,"Turning Angle"
"4_3",7,"2",0.0509048889938404,"Turning Angle"
"4_3",8,"2",0.000165446903602988,"Turning Angle"
"4_3",1,"3",0.0440708587107957,"Turning Angle"
"4_3",2,"3",0.106174888655694,"Turning Angle"
"4_3",3,"3",0.139576893566018,"Turning Angle"
"4_3",4,"3",0.170143535425692,"Turning Angle"
"4_3",5,"3",0.188237504688499,"Turning Angle"
"4_3",6,"3",0.133263827426093,"Turning Angle"
"4_3",7,"3",0.140386714427576,"Turning Angle"
"4_3",8,"3",0.0781457770996303,"Turning Angle"
"5_3",1,"1",0.404830750750907,"Step Length"
"5_3",2,"1",0.372220172975007,"Step Length"
"5_3",3,"1",0.16612326039669,"Step Length"
"5_3",4,"1",0.0341500035233255,"Step Length"
"5_3",5,"1",0.0226758123540699,"Step Length"
"5_3",1,"2",0.00470243402494264,"Step Length"
"5_3",2,"2",0.00281263548730744,"Step Length"
"5_3",3,"2",0.100727792486034,"Step Length"
"5_3",4,"2",0.482397925533374,"Step Length"
"5_3",5,"2",0.409359212468342,"Step Length"
"5_3",1,"3",0.000596434232103169,"Step Length"
"5_3",2,"3",0.134428216142428,"Step Length"
"5_3",3,"3",0.694983454473488,"Step Length"
"5_3",4,"3",0.169711142910583,"Step Length"
"5_3",5,"3",0.000280752241397518,"Step Length"
"5_3",1,"1",0.206229314712619,"Turning Angle"
"5_3",2,"1",0.102635783981416,"Turning Angle"
"5_3",3,"1",0.0940576486750687,"Turning Angle"
"5_3",4,"1",0.0906344161464843,"Turning Angle"
"5_3",5,"1",0.096874531264064,"Turning Angle"
"5_3",6,"1",0.0953161217691553,"Turning Angle"
"5_3",7,"1",0.105338400407816,"Turning Angle"
"5_3",8,"1",0.208913783043376,"Turning Angle"
"5_3",1,"2",0.000579826273482871,"Turning Angle"
"5_3",2,"2",0.0430681767802346,"Turning Angle"
"5_3",3,"2",0.16837607838264,"Turning Angle"
"5_3",4,"2",0.29074255684226,"Turning Angle"
"5_3",5,"2",0.281396944845766,"Turning Angle"
"5_3",6,"2",0.169667398962387,"Turning Angle"
"5_3",7,"2",0.0459718172406796,"Turning Angle"
"5_3",8,"2",0.00019720067255065,"Turning Angle"
"5_3",1,"3",0.112319510079414,"Turning Angle"
"5_3",2,"3",0.134724674655161,"Turning Angle"
"5_3",3,"3",0.129115719866632,"Turning Angle"
"5_3",4,"3",0.142581694636145,"Turning Angle"
"5_3",5,"3",0.136914706824329,"Turning Angle"
"5_3",6,"3",0.130164067414033,"Turning Angle"
"5_3",7,"3",0.127944491996256,"Turning Angle"
"5_3",8,"3",0.0862351345280302,"Turning Angle"
"1_4",1,"1",0.392065973466314,"Step Length"
"1_4",2,"1",0.357186635996017,"Step Length"
"1_4",3,"1",0.161264535871704,"Step Length"
"1_4",4,"1",0.0506479176931946,"Step Length"
"1_4",5,"1",0.0388349369727698,"Step Length"
"1_4",1,"2",0.0590529327489981,"Step Length"
"1_4",2,"2",0.160272600282911,"Step Length"
"1_4",3,"2",0.571068925506529,"Step Length"
"1_4",4,"2",0.17643936596331,"Step Length"
"1_4",5,"2",0.0331661754982518,"Step Length"
"1_4",1,"3",0.00371254854781026,"Step Length"
"1_4",2,"3",0.0152238138259755,"Step Length"
"1_4",3,"3",0.0472881024448295,"Step Length"
"1_4",4,"3",0.487445033051365,"Step Length"
"1_4",5,"3",0.44633050213002,"Step Length"
"1_4",1,"1",0.195541703863926,"Turning Angle"
"1_4",2,"1",0.10136480340972,"Turning Angle"
"1_4",3,"1",0.0966413217528643,"Turning Angle"
"1_4",4,"1",0.102862029579173,"Turning Angle"
"1_4",5,"1",0.104518622320732,"Turning Angle"
"1_4",6,"1",0.0970671918924973,"Turning Angle"
"1_4",7,"1",0.0968250151422625,"Turning Angle"
"1_4",8,"1",0.205179312038825,"Turning Angle"
"1_4",1,"2",0.096061368129595,"Turning Angle"
"1_4",2,"2",0.118040518546232,"Turning Angle"
"1_4",3,"2",0.131745193825386,"Turning Angle"
"1_4",4,"2",0.141260211193754,"Turning Angle"
"1_4",5,"2",0.146586913380651,"Turning Angle"
"1_4",6,"2",0.139144027740448,"Turning Angle"
"1_4",7,"2",0.129135843613918,"Turning Angle"
"1_4",8,"2",0.0980259235700164,"Turning Angle"
"1_4",1,"3",9.91745685499107e-05,"Turning Angle"
"1_4",2,"3",0.0481283723224775,"Turning Angle"
"1_4",3,"3",0.16959261250707,"Turning Angle"
"1_4",4,"3",0.29850225245627,"Turning Angle"
"1_4",5,"3",0.294162085004274,"Turning Angle"
"1_4",6,"3",0.152539336016013,"Turning Angle"
"1_4",7,"3",0.0368006029927799,"Turning Angle"
"1_4",8,"3",0.000175564132567202,"Turning Angle"
"2_4",1,"1",0.151337386171753,"Step Length"
"2_4",2,"1",0.208189398395525,"Step Length"
"2_4",3,"1",0.464423690812046,"Step Length"
"2_4",4,"1",0.142980223022016,"Step Length"
"2_4",5,"1",0.0330693015986608,"Step Length"
"2_4",1,"2",0.0264855121661647,"Step Length"
"2_4",2,"2",0.0318972311070217,"Step Length"
"2_4",3,"2",0.0309696194111354,"Step Length"
"2_4",4,"2",0.460204727411649,"Step Length"
"2_4",5,"2",0.450442909904029,"Step Length"
"2_4",1,"3",0.488571557413928,"Step Length"
"2_4",2,"3",0.401450659966741,"Step Length"
"2_4",3,"3",0.108346458802918,"Step Length"
"2_4",4,"3",0.000193551850692997,"Step Length"
"2_4",5,"3",0.00143777196571983,"Step Length"
"2_4",1,"1",0.130847125119332,"Turning Angle"
"2_4",2,"1",0.118325689323251,"Turning Angle"
"2_4",3,"1",0.122017157282915,"Turning Angle"
"2_4",4,"1",0.127162901033702,"Turning Angle"
"2_4",5,"1",0.134374658851256,"Turning Angle"
"2_4",6,"1",0.126980321127422,"Turning Angle"
"2_4",7,"1",0.114488650323826,"Turning Angle"
"2_4",8,"1",0.125803496938296,"Turning Angle"
"2_4",1,"2",0.000195951032060105,"Turning Angle"
"2_4",2,"2",0.0412495175722667,"Turning Angle"
"2_4",3,"2",0.16072646177536,"Turning Angle"
"2_4",4,"2",0.300845231852873,"Turning Angle"
"2_4",5,"2",0.292836261432604,"Turning Angle"
"2_4",6,"2",0.154967084129946,"Turning Angle"
"2_4",7,"2",0.046700780183778,"Turning Angle"
"2_4",8,"2",0.00247871202111304,"Turning Angle"
"2_4",1,"3",0.234675737568295,"Turning Angle"
"2_4",2,"3",0.100603736789483,"Turning Angle"
"2_4",3,"3",0.0795731173918167,"Turning Angle"
"2_4",4,"3",0.0811351579056885,"Turning Angle"
"2_4",5,"3",0.0771881578360347,"Turning Angle"
"2_4",6,"3",0.0851017070444737,"Turning Angle"
"2_4",7,"3",0.106375697021129,"Turning Angle"
"2_4",8,"3",0.235346688443079,"Turning Angle"
"3_4",1,"1",0.38390646638879,"Step Length"
"3_4",2,"1",0.345956196793513,"Step Length"
"3_4",3,"1",0.170809616810031,"Step Length"
"3_4",4,"1",0.0578156530266025,"Step Length"
"3_4",5,"1",0.0415120669810633,"Step Length"
"3_4",1,"2",0.0809686094234972,"Step Length"
"3_4",2,"2",0.158407452030018,"Step Length"
"3_4",3,"2",0.559083155835464,"Step Length"
"3_4",4,"2",0.170164030476459,"Step Length"
"3_4",5,"2",0.0313767522345621,"Step Length"
"3_4",1,"3",0.0144429195254894,"Step Length"
"3_4",2,"3",0.00257323110402367,"Step Length"
"3_4",3,"3",0.043360457991501,"Step Length"
"3_4",4,"3",0.483634852244393,"Step Length"
"3_4",5,"3",0.455988539134593,"Step Length"
"3_4",1,"1",0.198817610928594,"Turning Angle"
"3_4",2,"1",0.100393036526263,"Turning Angle"
"3_4",3,"1",0.0951487535844561,"Turning Angle"
"3_4",4,"1",0.105938894331193,"Turning Angle"
"3_4",5,"1",0.101106746331366,"Turning Angle"
"3_4",6,"1",0.0961566393565218,"Turning Angle"
"3_4",7,"1",0.105935089251607,"Turning Angle"
"3_4",8,"1",0.196503229689999,"Turning Angle"
"3_4",1,"2",0.09409454455771,"Turning Angle"
"3_4",2,"2",0.118323520346724,"Turning Angle"
"3_4",3,"2",0.140948816377208,"Turning Angle"
"3_4",4,"2",0.149499405365812,"Turning Angle"
"3_4",5,"2",0.14784704650195,"Turning Angle"
"3_4",6,"2",0.137734211762193,"Turning Angle"
"3_4",7,"2",0.118516198676305,"Turning Angle"
"3_4",8,"2",0.0930362564120971,"Turning Angle"
"3_4",1,"3",0.000110269693777351,"Turning Angle"
"3_4",2,"3",0.0399947790188675,"Turning Angle"
"3_4",3,"3",0.152788598200996,"Turning Angle"
"3_4",4,"3",0.300164473914448,"Turning Angle"
"3_4",5,"3",0.304934218039717,"Turning Angle"
"3_4",6,"3",0.160086248504247,"Turning Angle"
"3_4",7,"3",0.0416380242681416,"Turning Angle"
"3_4",8,"3",0.00028338835980603,"Turning Angle"
"4_4",1,"1",0.0676587406176765,"Step Length"
"4_4",2,"1",0.0800139756775718,"Step Length"
"4_4",3,"1",0.131511335711094,"Step Length"
"4_4",4,"1",0.3870160189799,"Step Length"
"4_4",5,"1",0.333799929013758,"Step Length"
"4_4",1,"2",0.15744951616765,"Step Length"
"4_4",2,"2",0.223291291034979,"Step Length"
"4_4",3,"2",0.512411774761208,"Step Length"
"4_4",4,"2",0.106758894717163,"Step Length"
"4_4",5,"2",8.85233190004649e-05,"Step Length"
"4_4",1,"3",0.519691653372093,"Step Length"
"4_4",2,"3",0.420139035072203,"Step Length"
"4_4",3,"3",0.0395197204957808,"Step Length"
"4_4",4,"3",0.000169293195986752,"Step Length"
"4_4",5,"3",0.020480297863937,"Step Length"
"4_4",1,"1",0.0363834681040141,"Turning Angle"
"4_4",2,"1",0.0612768994387973,"Turning Angle"
"4_4",3,"1",0.152196503256752,"Turning Angle"
"4_4",4,"1",0.249475136730868,"Turning Angle"
"4_4",5,"1",0.24886354464539,"Turning Angle"
"4_4",6,"1",0.151387295543867,"Turning Angle"
"4_4",7,"1",0.0585682596595222,"Turning Angle"
"4_4",8,"1",0.0418488926207898,"Turning Angle"
"4_4",1,"2",0.131720242376492,"Turning Angle"
"4_4",2,"2",0.128825278872385,"Turning Angle"
"4_4",3,"2",0.117042556081377,"Turning Angle"
"4_4",4,"2",0.115718610868671,"Turning Angle"
"4_4",5,"2",0.111982144913704,"Turning Angle"
"4_4",6,"2",0.124040446635466,"Turning Angle"
"4_4",7,"2",0.130935438447409,"Turning Angle"
"4_4",8,"2",0.139735281804496,"Turning Angle"
"4_4",1,"3",0.253136800591792,"Turning Angle"
"4_4",2,"3",0.0956464457677607,"Turning Angle"
"4_4",3,"3",0.0812179911847488,"Turning Angle"
"4_4",4,"3",0.0874882488332163,"Turning Angle"
"4_4",5,"3",0.0806188334705297,"Turning Angle"
"4_4",6,"3",0.0739032264380903,"Turning Angle"
"4_4",7,"3",0.0901285441391257,"Turning Angle"
"4_4",8,"3",0.237859909574736,"Turning Angle"
"5_4",1,"1",0.071854459239147,"Step Length"
"5_4",2,"1",0.074416428394313,"Step Length"
"5_4",3,"1",0.124078032553965,"Step Length"
"5_4",4,"1",0.387598840508796,"Step Length"
"5_4",5,"1",0.342052239303779,"Step Length"
"5_4",1,"2",0.150338371418865,"Step Length"
"5_4",2,"2",0.224764169881145,"Step Length"
"5_4",3,"2",0.514479173320449,"Step Length"
"5_4",4,"2",0.110371225321066,"Step Length"
"5_4",5,"2",4.70600584751536e-05,"Step Length"
"5_4",1,"3",0.501620163297646,"Step Length"
"5_4",2,"3",0.410946384281563,"Step Length"
"5_4",3,"3",0.0798422805763342,"Step Length"
"5_4",4,"3",5.29120825018792e-05,"Step Length"
"5_4",5,"3",0.00753825976195456,"Step Length"
"5_4",1,"1",0.0407652783812802,"Turning Angle"
"5_4",2,"1",0.0618987997546774,"Turning Angle"
"5_4",3,"1",0.148124855988233,"Turning Angle"
"5_4",4,"1",0.247214412908952,"Turning Angle"
"5_4",5,"1",0.257617614200041,"Turning Angle"
"5_4",6,"1",0.150063397490214,"Turning Angle"
"5_4",7,"1",0.0579565212340176,"Turning Angle"
"5_4",8,"1",0.0363591200425844,"Turning Angle"
"5_4",1,"2",0.131094231291972,"Turning Angle"
"5_4",2,"2",0.125164133410829,"Turning Angle"
"5_4",3,"2",0.121207954294972,"Turning Angle"
"5_4",4,"2",0.119531217695022,"Turning Angle"
"5_4",5,"2",0.117410251684758,"Turning Angle"
"5_4",6,"2",0.116997654008165,"Turning Angle"
"5_4",7,"2",0.132018142655941,"Turning Angle"
"5_4",8,"2",0.136576414958341,"Turning Angle"
"5_4",1,"3",0.243966915434534,"Turning Angle"
"5_4",2,"3",0.0884909397333759,"Turning Angle"
"5_4",3,"3",0.0835000531629559,"Turning Angle"
"5_4",4,"3",0.0767989854988952,"Turning Angle"
"5_4",5,"3",0.0817977121885188,"Turning Angle"
"5_4",6,"3",0.0884203063254591,"Turning Angle"
"5_4",7,"3",0.0921315136084879,"Turning Angle"
"5_4",8,"3",0.244893574047773,"Turning Angle"
